suffix,race,source
the Broker,Khajiit,The Elder Scrolls Online
Basement-Dweller,Khajiit,The Elder Scrolls Online
Fast-Claw,Khajiit,The Elder Scrolls Online
Kha,Khajiit,The Elder Scrolls Online
Long-Tale,Khajiit,The Elder Scrolls Online
Iron-Ear,Khajiit,The Elder Scrolls Online
Oak-Eye,Khajiit,The Elder Scrolls Online
of the Silver Claw,Khajiit,The Elder Scrolls Online
Sharpclaw,Khajiit,The Elder Scrolls Online
Silvertongue,Khajiit,The Elder Scrolls Online
Sleek-Fur,Khajiit,The Elder Scrolls Online
the Agile,Khajiit,The Elder Scrolls Online
the Alarmist,Khajiit,The Elder Scrolls Online
the Ascendant,Khajiit,The Elder Scrolls Online
the Beachwalker,Khajiit,The Elder Scrolls Online
the Bold,Khajiit,The Elder Scrolls Online
the Boneweaver,Khajiit,The Elder Scrolls Online
the Bull,Khajiit,The Elder Scrolls Online
the Bulwark,Khajiit,The Elder Scrolls Online
the Cannibal King,Khajiit,The Elder Scrolls Online
the Chipper,Khajiit,The Elder Scrolls Online
the Chopper,Khajiit,The Elder Scrolls Online
the Dangerous,Khajiit,The Elder Scrolls Online
the Equivocal,Khajiit,The Elder Scrolls Online
the Forgotten,Khajiit,The Elder Scrolls Online
the Graveprowler,Khajiit,The Elder Scrolls Online
the Iron Hearted,Khajiit,The Elder Scrolls Online
the Irreverent,Khajiit,The Elder Scrolls Online
the Liar,Khajiit,The Elder Scrolls Online
the Magnificent,Khajiit,The Elder Scrolls Online
the Moonstruck,Khajiit,The Elder Scrolls Online
the Overcautious,Khajiit,The Elder Scrolls Online
the Peeler,Khajiit,The Elder Scrolls Online
the Reaper,Khajiit,The Elder Scrolls Online
the Short,Khajiit,The Elder Scrolls Online
the Shrine Keeper,Khajiit,The Elder Scrolls Online
the Sibilant,Khajiit,The Elder Scrolls Online
the Sleek,Khajiit,The Elder Scrolls Online
the Smuggler,Khajiit,The Elder Scrolls Online
the Sugar-Slinger,Khajiit,The Elder Scrolls Online
the Thunderclaw,Khajiit,The Elder Scrolls Online
the Tome Collector,Khajiit,The Elder Scrolls Online
the Trap Master,Khajiit,The Elder Scrolls Online
the Unconquered,Khajiit,The Elder Scrolls Online
the Wanderer,Khajiit,The Elder Scrolls Online
Thunderboots,Khajiit,The Elder Scrolls Online